,Country,Region,Happiness Rank,Happiness Score,Economy (GDP per Capita),Family,Health (Life Expectancy),Freedom,Trust (Government Corruption),Generosity,Dystopia Residual,Year
0,Switzerland,Western Europe,1,7.587000000000001,1.3965100000000001,1.34951,0.9414299999999999,0.66557,0.41978000000000004,0.29678000000000004,2.5173799999999997,2015
1,Iceland,Western Europe,2,7.561,1.3023200000000001,1.4022299999999999,0.94784,0.6287699999999999,0.14145,0.4363,2.70201,2015
2,Denmark,Western Europe,3,7.527,1.32548,1.36058,0.87464,0.6493800000000001,0.48357,0.34139,2.4920400000000003,2015
3,Norway,Western Europe,4,7.522,1.459,1.33095,0.88521,0.66973,0.36503,0.34699,2.4653099999999997,2015
4,Canada,North America,5,7.4270000000000005,1.32629,1.32261,0.9056299999999999,0.63297,0.32957,0.45811,2.4517599999999997,2015
5,Finland,Western Europe,6,7.406000000000001,1.29025,1.31826,0.8891100000000001,0.64169,0.41372,0.23351,2.61955,2015
6,Netherlands,Western Europe,7,7.377999999999999,1.32944,1.28017,0.89284,0.6157600000000001,0.31814000000000003,0.4761,2.4657,2015
7,Sweden,Western Europe,8,7.364,1.33171,1.2890700000000002,0.9108700000000001,0.6598,0.43843999999999994,0.36262,2.3711900000000004,2015
8,New Zealand,Australia and New Zealand,9,7.2860000000000005,1.2501799999999998,1.3196700000000001,0.9083700000000001,0.6393800000000001,0.42922,0.47501000000000004,2.26425,2015
9,Australia,Australia and New Zealand,10,7.284,1.33358,1.30923,0.93156,0.6512399999999999,0.35636999999999996,0.43562,2.26646,2015
10,Israel,Middle East and Northern Africa,11,7.278,1.2285700000000002,1.22393,0.9138700000000001,0.41318999999999995,0.07785,0.33171999999999996,3.08854,2015
11,Costa Rica,Latin America and Caribbean,12,7.226,0.95578,1.2378799999999999,0.8602700000000001,0.63376,0.10583,0.25497,3.17728,2015
12,Austria,Western Europe,13,7.2,1.33723,1.29704,0.8904200000000001,0.62433,0.18675999999999998,0.33088,2.5332,2015
13,Mexico,Latin America and Caribbean,14,7.187,1.02054,0.91451,0.8144399999999999,0.48181,0.21311999999999998,0.14074,3.6021400000000003,2015
14,United States,North America,15,7.119,1.3945100000000001,1.24711,0.86179,0.54604,0.1589,0.40105,2.51011,2015
15,Brazil,Latin America and Caribbean,16,6.983,0.98124,1.2328700000000001,0.69702,0.49049,0.17521,0.14574,3.26001,2015
16,Luxembourg,Western Europe,17,6.946000000000001,1.5639100000000001,1.21963,0.91894,0.61583,0.37798000000000004,0.28034000000000003,1.9696099999999999,2015
17,Ireland,Western Europe,18,6.94,1.33596,1.36948,0.89533,0.6177699999999999,0.28703,0.45901000000000003,1.9757,2015
18,Belgium,Western Europe,19,6.937,1.30782,1.28566,0.8966700000000001,0.5845,0.2254,0.2225,2.4148400000000003,2015
19,United Arab Emirates,Middle East and Northern Africa,20,6.901,1.42727,1.12575,0.80925,0.64157,0.38583,0.26428,2.24743,2015
20,United Kingdom,Western Europe,21,6.867000000000001,1.26637,1.28548,0.90943,0.59625,0.32066999999999996,0.51912,1.9699400000000002,2015
21,Oman,Middle East and Northern Africa,22,6.853,1.36011,1.08182,0.76276,0.63274,0.32524000000000003,0.21541999999999997,2.4748900000000003,2015
22,Venezuela,Latin America and Caribbean,23,6.81,1.04424,1.25596,0.7205199999999999,0.42908,0.11069000000000001,0.058410000000000004,3.1913099999999996,2015
23,Singapore,Southeastern Asia,24,6.797999999999999,1.52186,1.02,1.02525,0.54252,0.4921,0.31105,1.8850099999999999,2015
24,Panama,Latin America and Caribbean,25,6.7860000000000005,1.0635299999999999,1.1985,0.79661,0.5421,0.0927,0.24434,2.84848,2015
25,Germany,Western Europe,26,6.75,1.32792,1.2993700000000001,0.89186,0.6147699999999999,0.21843,0.28214,2.1156900000000003,2015
26,Chile,Latin America and Caribbean,27,6.67,1.10715,1.12447,0.85857,0.44132,0.12869,0.33363000000000004,2.67585,2015
27,Qatar,Middle East and Northern Africa,28,6.611000000000001,1.69042,1.0786,0.79733,0.6404,0.52208,0.32573,1.55674,2015
28,France,Western Europe,29,6.575,1.27778,1.2603799999999998,0.9457899999999999,0.55011,0.20646,0.12332,2.21126,2015
29,Argentina,Latin America and Caribbean,30,6.574,1.05351,1.24823,0.78723,0.44974,0.08484,0.11450999999999999,2.8360000000000003,2015
30,Czech Republic,Central and Eastern Europe,31,6.505,1.17898,1.20643,0.84483,0.46363999999999994,0.02652,0.10686,2.67782,2015
31,Uruguay,Latin America and Caribbean,32,6.485,1.06166,1.2089,0.8116,0.6036199999999999,0.24558000000000002,0.2324,2.3214200000000003,2015
32,Colombia,Latin America and Caribbean,33,6.477,0.91861,1.2401799999999998,0.69077,0.53466,0.0512,0.18400999999999998,2.85737,2015
33,Thailand,Southeastern Asia,34,6.455,0.9669,1.26504,0.7385,0.5566399999999999,0.031869999999999996,0.5763,2.31945,2015
34,Saudi Arabia,Middle East and Northern Africa,35,6.4110000000000005,1.39541,1.0839299999999998,0.72025,0.31048000000000003,0.32524000000000003,0.13706,2.43872,2015
35,Spain,Western Europe,36,6.329,1.23011,1.31379,0.95562,0.45951000000000003,0.06398,0.18227000000000002,2.12367,2015
36,Malta,Western Europe,37,6.3020000000000005,1.2074,1.30203,0.88721,0.60365,0.13585999999999998,0.51752,1.6488,2015
37,Taiwan,Eastern Asia,38,6.297999999999999,1.29098,1.07617,0.8753,0.3974,0.08129,0.25376,2.32323,2015
38,Kuwait,Middle East and Northern Africa,39,6.295,1.5542200000000002,1.16594,0.72492,0.55499,0.25609,0.16228,1.8763400000000001,2015
39,Suriname,Latin America and Caribbean,40,6.269,0.99534,0.972,0.6082,0.5965699999999999,0.13633,0.16990999999999998,2.79094,2015
40,Trinidad and Tobago,Latin America and Caribbean,41,6.167999999999999,1.21183,1.18354,0.61483,0.55884,0.0114,0.31844,2.2688200000000003,2015
41,El Salvador,Latin America and Caribbean,42,6.13,0.76454,1.0250700000000001,0.67737,0.4035,0.11775999999999999,0.10692,3.035,2015
42,Guatemala,Latin America and Caribbean,43,6.122999999999999,0.74553,1.04356,0.64425,0.57733,0.09472,0.27489,2.74255,2015
43,Uzbekistan,Central and Eastern Europe,44,6.002999999999999,0.63244,1.34043,0.59772,0.6582100000000001,0.30826,0.22837,2.2374099999999997,2015
44,Slovakia,Central and Eastern Europe,45,5.995,1.1689100000000001,1.26999,0.7890199999999999,0.31751,0.03431,0.16893,2.2463900000000003,2015
45,Japan,Eastern Asia,46,5.987,1.27074,1.25712,0.99111,0.49615,0.1806,0.10705,1.68435,2015
46,South Korea,Eastern Asia,47,5.984,1.24461,0.9577399999999999,0.9653799999999999,0.33208000000000004,0.07857,0.18557,2.21978,2015
47,Ecuador,Latin America and Caribbean,48,5.975,0.8640200000000001,0.99903,0.79075,0.48573999999999995,0.1809,0.11540999999999998,2.5394200000000002,2015
48,Bahrain,Middle East and Northern Africa,49,5.96,1.32376,1.21624,0.74716,0.45492,0.306,0.17362,1.73797,2015
49,Italy,Western Europe,50,5.9479999999999995,1.25114,1.19777,0.9544600000000001,0.26236,0.02901,0.22823000000000002,2.0251799999999998,2015
50,Bolivia,Latin America and Caribbean,51,5.89,0.68133,0.97841,0.5392,0.57414,0.08800000000000001,0.20536,2.82334,2015
51,Moldova,Central and Eastern Europe,52,5.888999999999999,0.59448,1.01528,0.61826,0.32818,0.01615,0.20951,3.10712,2015
52,Paraguay,Latin America and Caribbean,53,5.877999999999999,0.75985,1.30477,0.66098,0.53899,0.08242000000000001,0.3424,2.18896,2015
53,Kazakhstan,Central and Eastern Europe,54,5.855,1.1225399999999999,1.1224100000000001,0.64368,0.51649,0.08454,0.11827,2.24729,2015
54,Slovenia,Central and Eastern Europe,55,5.848,1.18498,1.27385,0.8733700000000001,0.60855,0.03787,0.25328,1.6158299999999999,2015
55,Lithuania,Central and Eastern Europe,56,5.832999999999999,1.14723,1.25745,0.73128,0.21341999999999997,0.01031,0.026410000000000003,2.4464900000000003,2015
56,Nicaragua,Latin America and Caribbean,57,5.827999999999999,0.59325,1.14184,0.7431399999999999,0.55475,0.19317,0.27815,2.32407,2015
57,Peru,Latin America and Caribbean,58,5.824,0.9001899999999999,0.97459,0.73017,0.41496000000000005,0.05989,0.14982,2.5945,2015
58,Belarus,Central and Eastern Europe,59,5.813,1.0319200000000002,1.23289,0.7360800000000001,0.37938,0.1909,0.11045999999999999,2.1309,2015
59,Poland,Central and Eastern Europe,60,5.791,1.12555,1.27948,0.77903,0.53122,0.04212,0.16759000000000002,1.86565,2015
60,Malaysia,Southeastern Asia,61,5.77,1.12486,1.07023,0.7239399999999999,0.5302399999999999,0.10500999999999999,0.33075,1.8854099999999998,2015
61,Croatia,Central and Eastern Europe,62,5.7589999999999995,1.08254,0.79624,0.78805,0.25883,0.0243,0.054439999999999995,2.75414,2015
62,Libya,Middle East and Northern Africa,63,5.754,1.13145,1.1186200000000002,0.7038,0.41668,0.11023,0.18295,2.0906599999999997,2015
63,Russia,Central and Eastern Europe,64,5.716,1.13764,1.23617,0.6692600000000001,0.36679,0.03005,0.00199,2.27394,2015
64,Jamaica,Latin America and Caribbean,65,5.709,0.81038,1.1510200000000002,0.6874100000000001,0.50442,0.02299,0.2123,2.32038,2015
65,North Cyprus,Western Europe,66,5.695,1.2080600000000001,1.07008,0.92356,0.49027,0.1428,0.26169000000000003,1.5988799999999999,2015
66,Cyprus,Western Europe,67,5.689,1.20813,0.89318,0.92356,0.40671999999999997,0.06146,0.30638000000000004,1.8893099999999998,2015
67,Algeria,Middle East and Northern Africa,68,5.605,0.93929,1.07772,0.61766,0.28579,0.17382999999999998,0.07822,2.43209,2015
68,Kosovo,Central and Eastern Europe,69,5.5889999999999995,0.80148,0.81198,0.63132,0.24749000000000002,0.04741,0.2831,2.76579,2015
69,Turkmenistan,Central and Eastern Europe,70,5.547999999999999,0.95847,1.22668,0.53886,0.4761,0.30844,0.16979,1.8698400000000002,2015
70,Mauritius,Sub-Saharan Africa,71,5.477,1.0076100000000001,0.98521,0.7095,0.56066,0.07521,0.37744,1.76145,2015
71,Hong Kong,Eastern Asia,72,5.474,1.38604,1.05818,1.01328,0.59608,0.37124,0.39478,0.6542899999999999,2015
72,Estonia,Central and Eastern Europe,73,5.428999999999999,1.15174,1.22791,0.77361,0.44888,0.15184,0.0868,1.58782,2015
73,Indonesia,Southeastern Asia,74,5.399,0.8282700000000001,1.0870799999999998,0.63793,0.46611,0.0,0.51535,1.86399,2015
74,Vietnam,Southeastern Asia,75,5.36,0.63216,0.9122600000000001,0.7467600000000001,0.59444,0.10440999999999999,0.1686,2.20173,2015
75,Turkey,Middle East and Northern Africa,76,5.332000000000001,1.06098,0.94632,0.73172,0.22815,0.15746,0.12253,2.08528,2015
76,Kyrgyzstan,Central and Eastern Europe,77,5.2860000000000005,0.47428000000000003,1.15115,0.65088,0.43477,0.042319999999999997,0.3003,2.2327,2015
77,Nigeria,Sub-Saharan Africa,78,5.268,0.65435,0.9043200000000001,0.16007000000000002,0.34334000000000003,0.0403,0.27233,2.89319,2015
78,Bhutan,Southern Asia,79,5.252999999999999,0.77042,1.10395,0.57407,0.5320600000000001,0.15445,0.47998,1.63794,2015
79,Azerbaijan,Central and Eastern Europe,80,5.212000000000001,1.02389,0.9379299999999999,0.64045,0.3703,0.16065,0.07799,2.00073,2015
80,Pakistan,Southern Asia,81,5.194,0.59543,0.41411000000000003,0.51466,0.12102,0.10464000000000001,0.33671,3.1070900000000004,2015
81,Jordan,Middle East and Northern Africa,82,5.192,0.9019799999999999,1.05392,0.69639,0.40660999999999997,0.14293,0.11052999999999999,1.8799599999999999,2015
82,Montenegro,Central and Eastern Europe,82,5.192,0.9743799999999999,0.9055700000000001,0.72521,0.1826,0.14296,0.1614,2.10017,2015
83,China,Eastern Asia,84,5.14,0.89012,0.94675,0.81658,0.5169699999999999,0.02781,0.08185,1.8604,2015
84,Zambia,Sub-Saharan Africa,85,5.129,0.47038,0.91612,0.29924,0.48827,0.12468,0.19591,2.6343,2015
85,Romania,Central and Eastern Europe,86,5.124,1.04345,0.8858799999999999,0.7689,0.35068,0.006490000000000001,0.13748,1.9312900000000002,2015
86,Serbia,Central and Eastern Europe,87,5.122999999999999,0.92053,1.0096399999999999,0.74836,0.20107,0.02617,0.19230999999999998,2.025,2015
87,Portugal,Western Europe,88,5.102,1.15991,1.13935,0.8751899999999999,0.51469,0.01078,0.13719,1.26462,2015
88,Latvia,Central and Eastern Europe,89,5.098,1.11312,1.09562,0.72437,0.29671,0.06332,0.18225999999999998,1.62215,2015
89,Philippines,Southeastern Asia,90,5.073,0.70532,1.03516,0.58114,0.62545,0.12279000000000001,0.24991,1.7536,2015
90,Somaliland region,Sub-Saharan Africa,91,5.0569999999999995,0.18847,0.95152,0.43873,0.46581999999999996,0.39928,0.5031800000000001,2.11032,2015
91,Morocco,Middle East and Northern Africa,92,5.013,0.7347899999999999,0.64095,0.60954,0.41691000000000006,0.08546000000000001,0.07172,2.4537299999999997,2015
92,Macedonia,Central and Eastern Europe,93,5.007,0.91851,1.00232,0.73545,0.33457,0.053270000000000005,0.22359,1.7393299999999998,2015
93,Mozambique,Sub-Saharan Africa,94,4.971,0.08308,1.02626,0.09131,0.34037,0.15603,0.22269,3.05137,2015
94,Albania,Central and Eastern Europe,95,4.959,0.8786700000000001,0.8043399999999999,0.81325,0.35733000000000004,0.06412999999999999,0.14272,1.89894,2015
95,Bosnia and Herzegovina,Central and Eastern Europe,96,4.949,0.8322299999999999,0.9191600000000001,0.79081,0.09245,0.00227,0.24808000000000002,2.06367,2015
96,Lesotho,Sub-Saharan Africa,97,4.898,0.37545,1.04103,0.07612000000000001,0.31767,0.12504,0.16388,2.79832,2015
97,Dominican Republic,Latin America and Caribbean,98,4.885,0.8953700000000001,1.17202,0.66825,0.57672,0.14234000000000002,0.21684,1.21305,2015
98,Laos,Southeastern Asia,99,4.876,0.5906600000000001,0.73803,0.54909,0.59591,0.24249,0.42191999999999996,1.7379900000000001,2015
99,Mongolia,Eastern Asia,100,4.874,0.82819,1.3006,0.60268,0.43626000000000004,0.026660000000000003,0.3323,1.34759,2015
100,Swaziland,Sub-Saharan Africa,101,4.867,0.71206,1.07284,0.07566,0.30658,0.0306,0.18259,2.48676,2015
101,Greece,Western Europe,102,4.857,1.15406,0.9293299999999999,0.88213,0.07699,0.013969999999999998,0.0,1.8010099999999998,2015
102,Lebanon,Middle East and Northern Africa,103,4.8389999999999995,1.0256399999999999,0.80001,0.83947,0.33916,0.04582,0.21854,1.57059,2015
103,Hungary,Central and Eastern Europe,104,4.8,1.12094,1.20215,0.75905,0.32111999999999996,0.02758,0.128,1.24074,2015
104,Honduras,Latin America and Caribbean,105,4.788,0.59532,0.9534799999999999,0.6951,0.40148,0.06825,0.23026999999999997,1.84408,2015
105,Tajikistan,Central and Eastern Europe,106,4.7860000000000005,0.39047,0.8556299999999999,0.5737899999999999,0.47216,0.15072,0.22974,2.1139900000000003,2015
106,Tunisia,Middle East and Northern Africa,107,4.739,0.88113,0.60429,0.73793,0.26268,0.06358,0.06431,2.12466,2015
107,Palestinian Territories,Middle East and Northern Africa,108,4.715,0.59867,0.92558,0.66015,0.24499,0.12905,0.11250999999999999,2.0438400000000003,2015
108,Bangladesh,Southern Asia,109,4.694,0.39753,0.43106000000000005,0.60164,0.4082,0.12569,0.21222,2.51767,2015
109,Iran,Middle East and Northern Africa,110,4.686,1.0088,0.54447,0.69805,0.30033000000000004,0.058629999999999995,0.38086,1.6944,2015
110,Ukraine,Central and Eastern Europe,111,4.681,0.79907,1.20278,0.6739,0.25123,0.02961,0.15275,1.5714,2015
111,Iraq,Middle East and Northern Africa,112,4.677,0.98549,0.81889,0.60237,0.0,0.13788,0.17922000000000002,1.95335,2015
112,South Africa,Sub-Saharan Africa,113,4.6419999999999995,0.9204899999999999,1.18468,0.27688,0.33207,0.08884,0.11972999999999999,1.7195599999999998,2015
113,Ghana,Sub-Saharan Africa,114,4.633,0.5455800000000001,0.6795399999999999,0.40131999999999995,0.42341999999999996,0.04355,0.23087,2.30919,2015
114,Zimbabwe,Sub-Saharan Africa,115,4.61,0.271,1.0327600000000001,0.33475,0.25861,0.08079,0.18987,2.44191,2015
115,Liberia,Sub-Saharan Africa,116,4.571000000000001,0.0712,0.78968,0.34201,0.28531,0.06232000000000001,0.24361999999999998,2.7772900000000003,2015
116,India,Southern Asia,117,4.565,0.64499,0.38174,0.5152899999999999,0.39786,0.08492000000000001,0.26475,2.27513,2015
117,Sudan,Sub-Saharan Africa,118,4.55,0.52107,1.01404,0.36878,0.10081,0.1466,0.19062,2.20857,2015
118,Haiti,Latin America and Caribbean,119,4.518,0.26673,0.74302,0.38847,0.24425,0.17175,0.46187,2.24173,2015
119,Congo (Kinshasa),Sub-Saharan Africa,120,4.5169999999999995,0.0,1.0012,0.09806000000000001,0.22605,0.07625,0.24834,2.86712,2015
120,Nepal,Southern Asia,121,4.513999999999999,0.35996999999999996,0.86449,0.5687399999999999,0.38282,0.059070000000000004,0.32295999999999997,1.9563700000000002,2015
121,Ethiopia,Sub-Saharan Africa,122,4.512,0.19072999999999998,0.60406,0.44055,0.4345,0.15048,0.24325,2.44876,2015
122,Sierra Leone,Sub-Saharan Africa,123,4.507,0.33024000000000003,0.9557100000000001,0.0,0.4084,0.08786000000000001,0.21488000000000002,2.51009,2015
123,Mauritania,Sub-Saharan Africa,124,4.436,0.45407,0.86908,0.35874,0.24231999999999998,0.17461,0.21899999999999997,2.11773,2015
124,Kenya,Sub-Saharan Africa,125,4.419,0.36471,0.99876,0.41435,0.42215,0.05839,0.37542,1.78555,2015
125,Djibouti,Sub-Saharan Africa,126,4.369,0.44025,0.59207,0.36291,0.46074,0.28105,0.18093,2.05125,2015
126,Armenia,Central and Eastern Europe,127,4.35,0.7682100000000001,0.7771100000000001,0.7299,0.19847,0.039,0.07855,1.75873,2015
127,Botswana,Sub-Saharan Africa,128,4.332,0.99355,1.10464,0.047760000000000004,0.49495,0.12474,0.10461,1.46181,2015
128,Myanmar,Southeastern Asia,129,4.3069999999999995,0.27108000000000004,0.70905,0.48246000000000006,0.44017,0.19034,0.79588,1.41805,2015
129,Georgia,Central and Eastern Europe,130,4.297,0.7419,0.38561999999999996,0.72926,0.40576999999999996,0.38331,0.055470000000000005,1.59541,2015
130,Malawi,Sub-Saharan Africa,131,4.292,0.016040000000000002,0.41134,0.22562,0.43054,0.06977,0.33128,2.8079099999999997,2015
131,Sri Lanka,Southern Asia,132,4.271,0.83524,1.01905,0.70806,0.5372600000000001,0.09179,0.40828000000000003,0.67108,2015
132,Cameroon,Sub-Saharan Africa,133,4.252,0.4225,0.8876700000000001,0.23401999999999998,0.49309,0.05786,0.20618000000000003,1.95071,2015
133,Bulgaria,Central and Eastern Europe,134,4.218,1.01216,1.10614,0.76649,0.30587,0.00872,0.11921,0.89991,2015
134,Egypt,Middle East and Northern Africa,135,4.194,0.8818,0.747,0.61712,0.17288,0.06324,0.11291,1.59927,2015
135,Yemen,Middle East and Northern Africa,136,4.077,0.5464899999999999,0.68093,0.40064,0.35570999999999997,0.07854,0.09131,1.92313,2015
136,Angola,Sub-Saharan Africa,137,4.033,0.75778,0.8604,0.16683,0.10384000000000002,0.07122,0.12344000000000001,1.9493900000000002,2015
137,Mali,Sub-Saharan Africa,138,3.995,0.26074,1.03526,0.20583,0.38856999999999997,0.12352,0.18798,1.79293,2015
138,Congo (Brazzaville),Sub-Saharan Africa,139,3.989,0.67866,0.6629,0.31051,0.41466000000000003,0.11685999999999999,0.12387999999999999,1.68135,2015
139,Comoros,Sub-Saharan Africa,140,3.9560000000000004,0.23906,0.79273,0.36315,0.22916999999999998,0.19899999999999998,0.17440999999999998,1.95812,2015
140,Uganda,Sub-Saharan Africa,141,3.931,0.21101999999999999,1.13299,0.33860999999999997,0.45726999999999995,0.07267,0.29066,1.42766,2015
141,Senegal,Sub-Saharan Africa,142,3.904,0.36498,0.97619,0.4354,0.36772,0.10712999999999999,0.20843000000000003,1.44395,2015
142,Gabon,Sub-Saharan Africa,143,3.8960000000000004,1.06024,0.90528,0.43372,0.31914000000000003,0.11091,0.06822,0.99895,2015
143,Niger,Sub-Saharan Africa,144,3.845,0.0694,0.77265,0.29707,0.47691999999999996,0.15639,0.19387000000000001,1.87877,2015
144,Cambodia,Southeastern Asia,145,3.819,0.46038,0.62736,0.61114,0.66246,0.07247,0.40359,0.98195,2015
145,Tanzania,Sub-Saharan Africa,146,3.781,0.2852,1.00268,0.38215,0.32878,0.05747000000000001,0.34376999999999996,1.38079,2015
146,Madagascar,Sub-Saharan Africa,147,3.681,0.20824,0.66801,0.46721,0.19184,0.08123999999999999,0.21333000000000002,1.851,2015
147,Central African Republic,Sub-Saharan Africa,148,3.678,0.0785,0.0,0.06699,0.48878999999999995,0.08288999999999999,0.23835,2.7223,2015
148,Chad,Sub-Saharan Africa,149,3.667,0.34193,0.76062,0.1501,0.23501,0.05269,0.18386,1.9429599999999998,2015
149,Guinea,Sub-Saharan Africa,150,3.656,0.17417,0.46475,0.24009,0.37725,0.12139000000000001,0.28657,1.9917200000000002,2015
150,Ivory Coast,Sub-Saharan Africa,151,3.655,0.46534,0.77115,0.15185,0.46866,0.17922000000000002,0.20165,1.41723,2015
151,Burkina Faso,Sub-Saharan Africa,152,3.5869999999999997,0.25811999999999996,0.85188,0.27125,0.39493,0.12832000000000002,0.21746999999999997,1.46494,2015
152,Afghanistan,Southern Asia,153,3.575,0.31982,0.30285,0.30335,0.23414000000000001,0.09719,0.3651,1.9521,2015
153,Rwanda,Sub-Saharan Africa,154,3.465,0.22208000000000003,0.7737,0.42863999999999997,0.59201,0.55191,0.22628,0.67042,2015
154,Benin,Sub-Saharan Africa,155,3.34,0.28665,0.35386,0.3191,0.4845,0.0801,0.1826,1.6332799999999998,2015
155,Syria,Middle East and Northern Africa,156,3.0060000000000002,0.6632,0.47489,0.7219300000000001,0.15684,0.18905999999999998,0.47179,0.32858000000000004,2015
156,Burundi,Sub-Saharan Africa,157,2.905,0.0153,0.41586999999999996,0.22396,0.1185,0.10062,0.19727,1.83302,2015
157,Togo,Sub-Saharan Africa,158,2.839,0.20868,0.13995,0.28443,0.36453,0.10730999999999999,0.16680999999999999,1.56726,2015
0,Denmark,Western Europe,1,7.526,1.4417799999999998,1.16374,0.79504,0.5794100000000001,0.44453000000000004,0.36171,2.73939,2016
1,Switzerland,Western Europe,2,7.5089999999999995,1.5273299999999999,1.14524,0.86303,0.58557,0.41203,0.28083,2.69463,2016
2,Iceland,Western Europe,3,7.501,1.42666,1.18326,0.8673299999999999,0.56624,0.14975,0.47678000000000004,2.83137,2016
3,Norway,Western Europe,4,7.497999999999999,1.57744,1.1269,0.79579,0.59609,0.35775999999999997,0.37895,2.66465,2016
4,Finland,Western Europe,5,7.412999999999999,1.40598,1.1346399999999999,0.81091,0.57104,0.41003999999999996,0.25492,2.82596,2016
5,Canada,North America,6,7.404,1.44015,1.0961,0.8276,0.5737,0.31329,0.44833999999999996,2.70485,2016
6,Netherlands,Western Europe,7,7.3389999999999995,1.46468,1.02912,0.8123100000000001,0.55211,0.29927,0.47416,2.70749,2016
7,New Zealand,Australia and New Zealand,8,7.334,1.36066,1.17278,0.83096,0.5814699999999999,0.41903999999999997,0.49401000000000006,2.47553,2016
8,Australia,Australia and New Zealand,9,7.313,1.4444299999999999,1.10476,0.8512,0.5683699999999999,0.32331,0.47407,2.5465,2016
9,Sweden,Western Europe,10,7.291,1.45181,1.08764,0.83121,0.58218,0.40867,0.38254,2.54734,2016
10,Israel,Middle East and Northern Africa,11,7.267,1.33766,0.9953700000000001,0.8491700000000001,0.36432,0.08728,0.32288,3.31029,2016
11,Austria,Western Europe,12,7.119,1.45038,1.0838299999999998,0.80565,0.54355,0.21348000000000003,0.32865,2.6934299999999998,2016
12,United States,North America,13,7.104,1.50796,1.04782,0.779,0.48163,0.14868,0.41076999999999997,2.72782,2016
13,Costa Rica,Latin America and Caribbean,14,7.087000000000001,1.06879,1.02152,0.76146,0.55225,0.10547000000000001,0.22553,3.3516800000000004,2016
14,Puerto Rico,Latin America and Caribbean,15,7.039,1.35943,1.08113,0.77758,0.46823000000000004,0.12275,0.22202,3.0076,2016
15,Germany,Western Europe,16,6.994,1.44787,1.09774,0.81487,0.53466,0.28551,0.30451999999999996,2.5093099999999997,2016
16,Brazil,Latin America and Caribbean,17,6.952000000000001,1.08754,1.03938,0.61415,0.40425,0.14165999999999998,0.15775999999999998,3.5073300000000005,2016
17,Belgium,Western Europe,18,6.928999999999999,1.42539,1.05249,0.8195899999999999,0.51354,0.26248,0.2424,2.61355,2016
18,Ireland,Western Europe,19,6.907,1.4834100000000001,1.16157,0.81455,0.54008,0.29754,0.44963000000000003,2.15988,2016
19,Luxembourg,Western Europe,20,6.871,1.6975200000000001,1.03999,0.8454200000000001,0.5487,0.35329,0.27571,2.11055,2016
20,Mexico,Latin America and Caribbean,21,6.778,1.1150799999999998,0.7146,0.71143,0.37709000000000004,0.18355,0.11735,3.5590599999999997,2016
21,Singapore,Southeastern Asia,22,6.739,1.64555,0.8675799999999999,0.94719,0.4877,0.46986999999999995,0.32706,1.99375,2016
22,United Kingdom,Western Europe,23,6.725,1.40283,1.0867200000000001,0.80991,0.50036,0.27399,0.50156,2.1499900000000003,2016
23,Chile,Latin America and Caribbean,24,6.705,1.2167,0.9058700000000001,0.8188300000000001,0.37789,0.11450999999999999,0.31595,2.95505,2016
24,Panama,Latin America and Caribbean,25,6.7010000000000005,1.18306,0.9891200000000001,0.70835,0.48927,0.08423,0.2418,3.00559,2016
25,Argentina,Latin America and Caribbean,26,6.65,1.15137,1.0661200000000002,0.69711,0.42283999999999994,0.07296,0.10989000000000002,3.12985,2016
26,Czech Republic,Central and Eastern Europe,27,6.596,1.30915,1.00793,0.76376,0.41418,0.03986,0.09929,2.96211,2016
27,United Arab Emirates,Middle East and Northern Africa,28,6.5729999999999995,1.57352,0.8711399999999999,0.72993,0.56215,0.35561,0.26591,2.21507,2016
28,Uruguay,Latin America and Caribbean,29,6.545,1.18157,1.0314299999999998,0.72183,0.54388,0.21394000000000002,0.18056,2.67139,2016
29,Malta,Western Europe,30,6.4879999999999995,1.30782,1.09879,0.80315,0.54994,0.17554,0.56237,1.99032,2016
30,Colombia,Latin America and Caribbean,31,6.481,1.0303200000000001,1.02169,0.59659,0.44735,0.053989999999999996,0.15625999999999998,3.1747099999999997,2016
31,France,Western Europe,32,6.478,1.39488,1.00508,0.83795,0.46562,0.17808,0.1216,2.4744,2016
32,Thailand,Southeastern Asia,33,6.474,1.0893,1.04477,0.64915,0.49553,0.02833,0.58696,2.5796,2016
33,Saudi Arabia,Middle East and Northern Africa,34,6.379,1.48953,0.84829,0.59267,0.37904,0.30008,0.15457,2.61482,2016
34,Taiwan,Eastern Asia,34,6.379,1.39729,0.92624,0.79565,0.32377,0.0663,0.25495,2.61523,2016
35,Qatar,Middle East and Northern Africa,36,6.375,1.82427,0.87964,0.71723,0.56679,0.48049,0.32388,1.5822399999999999,2016
36,Spain,Western Europe,37,6.361000000000001,1.34253,1.12945,0.8789600000000001,0.37545,0.06137000000000001,0.17665,2.39663,2016
37,Algeria,Middle East and Northern Africa,38,6.355,1.05266,0.83309,0.6180399999999999,0.21006,0.16157,0.07044,3.40904,2016
38,Guatemala,Latin America and Caribbean,39,6.324,0.83454,0.8711899999999999,0.5403899999999999,0.50379,0.08701,0.28808,3.19863,2016
39,Suriname,Latin America and Caribbean,40,6.269,1.09686,0.77866,0.5093300000000001,0.5223399999999999,0.12692,0.16665,3.06852,2016
40,Kuwait,Middle East and Northern Africa,41,6.239,1.61714,0.8775799999999999,0.63569,0.43166000000000004,0.23669,0.15965,2.28085,2016
41,Bahrain,Middle East and Northern Africa,42,6.218,1.44024,0.9439700000000001,0.65696,0.47375,0.25772,0.17147,2.27405,2016
42,Trinidad and Tobago,Latin America and Caribbean,43,6.167999999999999,1.32572,0.98569,0.52608,0.48453,0.01241,0.31935,2.5139400000000003,2016
43,Venezuela,Latin America and Caribbean,44,6.084,1.1336700000000002,1.03302,0.6190399999999999,0.19847,0.08304,0.0425,2.9746799999999998,2016
44,Slovakia,Central and Eastern Europe,45,6.077999999999999,1.27973,1.0826799999999999,0.70367,0.23390999999999998,0.02947,0.13837,2.61065,2016
45,El Salvador,Latin America and Caribbean,46,6.068,0.8737,0.80975,0.596,0.37269,0.10613,0.08877,3.22134,2016
46,Malaysia,Southeastern Asia,47,6.005,1.25142,0.88025,0.62366,0.39031,0.09081,0.41473999999999994,2.35384,2016
47,Nicaragua,Latin America and Caribbean,48,5.992000000000001,0.69384,0.8952100000000001,0.65213,0.46581999999999996,0.16292,0.29773,2.82428,2016
48,Uzbekistan,Central and Eastern Europe,49,5.987,0.7359100000000001,1.1681,0.50163,0.60848,0.28333,0.34326,2.34638,2016
49,Italy,Western Europe,50,5.977,1.35495,1.04167,0.8510200000000001,0.18827,0.02556,0.16684000000000002,2.34918,2016
50,Ecuador,Latin America and Caribbean,51,5.976,0.97306,0.85974,0.68613,0.4027,0.18037,0.10074,2.77366,2016
51,Belize,Latin America and Caribbean,52,5.956,0.87616,0.68655,0.45569,0.51231,0.10770999999999999,0.23684000000000002,3.08039,2016
52,Japan,Eastern Asia,53,5.921,1.3800700000000001,1.06054,0.91491,0.46761,0.18985,0.10224,1.8058400000000001,2016
53,Kazakhstan,Central and Eastern Europe,54,5.919,1.22943,0.95544,0.57386,0.4052,0.11132,0.15011,2.49325,2016
54,Moldova,Central and Eastern Europe,55,5.897,0.69177,0.8313200000000001,0.5230899999999999,0.25201999999999997,0.019030000000000002,0.19997,3.38007,2016
55,Russia,Central and Eastern Europe,56,5.856,1.2322799999999998,1.05261,0.58991,0.32682,0.03586,0.027360000000000002,2.59115,2016
56,Poland,Central and Eastern Europe,57,5.835,1.24585,1.04685,0.69058,0.4519,0.055,0.14443,2.20035,2016
57,South Korea,Eastern Asia,57,5.835,1.35948,0.7219399999999999,0.88645,0.25168,0.07716,0.18824000000000002,2.35015,2016
58,Bolivia,Latin America and Caribbean,59,5.822,0.79422,0.8377899999999999,0.4697,0.50961,0.07746,0.21698,2.91635,2016
59,Lithuania,Central and Eastern Europe,60,5.813,1.2692,1.0641100000000001,0.64674,0.18929,0.0182,0.02025,2.60525,2016
60,Belarus,Central and Eastern Europe,61,5.8020000000000005,1.1306200000000002,1.04993,0.6310399999999999,0.29091,0.17457,0.13942000000000002,2.3858200000000003,2016
61,North Cyprus,Western Europe,62,5.771,1.31141,0.81826,0.8414200000000001,0.43596,0.16577999999999998,0.26322,1.9344700000000001,2016
62,Slovenia,Central and Eastern Europe,63,5.768,1.2994700000000001,1.05613,0.79151,0.53164,0.03635,0.25738,1.79522,2016
63,Peru,Latin America and Caribbean,64,5.742999999999999,0.9960200000000001,0.81255,0.6299399999999999,0.37501999999999996,0.05292,0.14527,2.73117,2016
64,Turkmenistan,Central and Eastern Europe,65,5.6579999999999995,1.08017,1.03817,0.44006000000000006,0.37408,0.28467,0.22566999999999998,2.21489,2016
65,Mauritius,Sub-Saharan Africa,66,5.648,1.14372,0.75695,0.66189,0.46145,0.05202999999999999,0.36951,2.20223,2016
66,Libya,Middle East and Northern Africa,67,5.615,1.0668799999999998,0.95076,0.52304,0.40671999999999997,0.10339000000000001,0.17087,2.39374,2016
67,Latvia,Central and Eastern Europe,68,5.56,1.2178799999999999,0.95025,0.63952,0.27996,0.0889,0.17445,2.20859,2016
68,Cyprus,Western Europe,69,5.546,1.31857,0.70697,0.8488,0.29507,0.05227999999999999,0.27906,2.04497,2016
69,Paraguay,Latin America and Caribbean,70,5.537999999999999,0.8937299999999999,1.11111,0.58295,0.46235,0.07396,0.25296,2.16091,2016
70,Romania,Central and Eastern Europe,71,5.528,1.1697,0.7280300000000001,0.67602,0.36712,0.006790000000000001,0.12889,2.4518400000000002,2016
71,Estonia,Central and Eastern Europe,72,5.517,1.2796399999999999,1.0516299999999998,0.68098,0.41511000000000003,0.18519000000000002,0.08423,1.81985,2016
72,Jamaica,Latin America and Caribbean,73,5.51,0.89333,0.96372,0.5946899999999999,0.43596999999999997,0.04294,0.22245,2.35682,2016
73,Croatia,Central and Eastern Europe,74,5.4879999999999995,1.18649,0.6080899999999999,0.70524,0.23906999999999998,0.04002,0.18434,2.52462,2016
74,Hong Kong,Eastern Asia,75,5.457999999999999,1.5107,0.87021,0.9527700000000001,0.48078999999999994,0.31647,0.40097,0.92614,2016
75,Somalia,Sub-Saharan Africa,76,5.44,0.0,0.33613000000000004,0.11465999999999998,0.5677800000000001,0.3118,0.27225,3.8377199999999996,2016
76,Kosovo,Central and Eastern Europe,77,5.401,0.90145,0.66062,0.54,0.14396,0.06547,0.27992,2.80998,2016
77,Turkey,Middle East and Northern Africa,78,5.388999999999999,1.1649200000000002,0.8771700000000001,0.64718,0.23889000000000002,0.12347999999999999,0.04707,2.29074,2016
78,Indonesia,Southeastern Asia,79,5.314,0.95104,0.87625,0.49373999999999996,0.39237,0.00322,0.56521,2.03171,2016
79,Jordan,Middle East and Northern Africa,80,5.303,0.9967299999999999,0.86216,0.60712,0.36023,0.13297,0.14262,2.20142,2016
80,Azerbaijan,Central and Eastern Europe,81,5.291,1.12373,0.76042,0.54504,0.35327,0.17914000000000002,0.0564,2.2735,2016
81,Philippines,Southeastern Asia,82,5.279,0.81217,0.87877,0.47036000000000006,0.5485399999999999,0.11757000000000001,0.21674000000000002,2.23484,2016
82,China,Eastern Asia,83,5.245,1.0278,0.79381,0.73561,0.44011999999999996,0.02745,0.049589999999999995,2.17087,2016
83,Bhutan,Southern Asia,84,5.196000000000001,0.8527,0.9083600000000001,0.49759,0.46074,0.1616,0.48546000000000006,1.82916,2016
84,Kyrgyzstan,Central and Eastern Europe,85,5.185,0.5604399999999999,0.95434,0.5544899999999999,0.40212,0.047619999999999996,0.38432,2.28136,2016
85,Serbia,Central and Eastern Europe,86,5.1770000000000005,1.03437,0.81329,0.6458,0.15718,0.04339,0.20736999999999997,2.2753900000000002,2016
86,Bosnia and Herzegovina,Central and Eastern Europe,87,5.162999999999999,0.9338299999999999,0.64367,0.7076600000000001,0.09511,0.0,0.29889,2.48406,2016
87,Montenegro,Central and Eastern Europe,88,5.1610000000000005,1.07838,0.74173,0.6353300000000001,0.15111,0.12721,0.17190999999999998,2.2553099999999997,2016
88,Dominican Republic,Latin America and Caribbean,89,5.155,1.02787,0.9949600000000001,0.5766899999999999,0.52259,0.12372000000000001,0.21286,1.6962599999999999,2016
89,Morocco,Middle East and Northern Africa,90,5.151,0.8405799999999999,0.38595,0.5947100000000001,0.25645999999999997,0.08404,0.040530000000000004,2.9489099999999997,2016
90,Hungary,Central and Eastern Europe,91,5.145,1.24142,0.9316399999999999,0.67608,0.1977,0.044719999999999996,0.099,1.9547299999999999,2016
91,Pakistan,Southern Asia,92,5.132000000000001,0.68816,0.26135,0.40306,0.14622000000000002,0.1388,0.31185,3.18286,2016
92,Lebanon,Middle East and Northern Africa,93,5.129,1.12268,0.64184,0.76171,0.26228,0.030610000000000002,0.23693000000000003,2.0733900000000003,2016
93,Portugal,Western Europe,94,5.122999999999999,1.27607,0.9436700000000001,0.7936300000000001,0.44727,0.01521,0.11690999999999999,1.53015,2016
94,Macedonia,Central and Eastern Europe,95,5.121,1.0193,0.78236,0.6473800000000001,0.27668000000000004,0.07047,0.23506999999999997,2.08947,2016
95,Vietnam,Southeastern Asia,96,5.061,0.74037,0.7911699999999999,0.66157,0.5595399999999999,0.11556,0.25075,1.9418,2016
96,Somaliland Region,Sub-Saharan Africa,97,5.0569999999999995,0.25558000000000003,0.75862,0.33108000000000004,0.3913,0.36794,0.51479,2.43801,2016
97,Tunisia,Middle East and Northern Africa,98,5.045,0.97724,0.43165,0.59577,0.23553000000000002,0.0817,0.03936,2.68413,2016
98,Greece,Western Europe,99,5.033,1.24886,0.75473,0.80029,0.05822000000000001,0.04127,0.0,2.12944,2016
99,Tajikistan,Central and Eastern Europe,100,4.996,0.48835,0.75602,0.5311899999999999,0.43408,0.13509000000000002,0.25998000000000004,2.39106,2016
100,Mongolia,Eastern Asia,101,4.907,0.9885299999999999,1.0898299999999999,0.55469,0.35972,0.03285,0.34539000000000003,1.53586,2016
101,Laos,Southeastern Asia,102,4.876,0.68042,0.5497,0.38291,0.52168,0.22423,0.43078999999999995,2.08637,2016
102,Nigeria,Sub-Saharan Africa,103,4.875,0.75216,0.64498,0.05108,0.27854,0.0305,0.23219,2.8858599999999996,2016
103,Honduras,Latin America and Caribbean,104,4.871,0.69429,0.7559600000000001,0.5838300000000001,0.26755,0.06906,0.2044,2.2955099999999997,2016
104,Iran,Middle East and Northern Africa,105,4.813,1.11758,0.38856999999999997,0.64232,0.22544,0.0557,0.38538,1.99817,2016
105,Zambia,Sub-Saharan Africa,106,4.795,0.61202,0.6376,0.23573000000000002,0.42662,0.11479,0.17865999999999999,2.5899099999999997,2016
106,Nepal,Southern Asia,107,4.793,0.44626000000000005,0.69699,0.50073,0.37012,0.07007999999999999,0.3816,2.32694,2016
107,Palestinian Territories,Middle East and Northern Africa,108,4.754,0.67024,0.71629,0.56844,0.17744000000000001,0.10613,0.11154000000000001,2.40364,2016
108,Albania,Central and Eastern Europe,109,4.655,0.9553,0.50163,0.73007,0.31866,0.05301,0.1684,1.9281599999999999,2016
109,Bangladesh,Southern Asia,110,4.643,0.54177,0.24749000000000002,0.52989,0.39778,0.12583,0.19132000000000002,2.6090400000000002,2016
110,Sierra Leone,Sub-Saharan Africa,111,4.635,0.36485,0.628,0.0,0.30685,0.08196,0.23897,3.01402,2016
111,Iraq,Middle East and Northern Africa,112,4.575,1.07474,0.59205,0.51076,0.24856,0.13635999999999998,0.19589,1.81657,2016
112,Namibia,Sub-Saharan Africa,113,4.574,0.9328700000000001,0.70362,0.34745,0.48613999999999996,0.10397999999999999,0.07795,1.92198,2016
113,Cameroon,Sub-Saharan Africa,114,4.513,0.5249699999999999,0.62542,0.12697999999999998,0.42736,0.06126,0.2268,2.5198,2016
114,Ethiopia,Sub-Saharan Africa,115,4.508,0.29283000000000003,0.37932,0.34578000000000003,0.36703,0.1717,0.29522,2.65614,2016
115,South Africa,Sub-Saharan Africa,116,4.459,1.02416,0.9605299999999999,0.18611,0.42483000000000004,0.08415,0.13656,1.6422700000000001,2016
116,Sri Lanka,Southern Asia,117,4.415,0.9731799999999999,0.84783,0.62007,0.50817,0.07964,0.46978000000000003,0.91681,2016
117,India,Southern Asia,118,4.404,0.74036,0.29247,0.45091000000000003,0.40285,0.08722,0.25028,2.18032,2016
118,Myanmar,Southeastern Asia,119,4.395,0.34112,0.69981,0.3988,0.42691999999999997,0.20243,0.81971,1.50655,2016
119,Egypt,Middle East and Northern Africa,120,4.362,0.95395,0.49813,0.5211600000000001,0.18847,0.10393,0.12705999999999998,1.96895,2016
120,Armenia,Central and Eastern Europe,121,4.36,0.8608600000000001,0.6247699999999999,0.64083,0.14037,0.036160000000000005,0.07793,1.9786400000000002,2016
121,Kenya,Sub-Saharan Africa,122,4.356,0.52267,0.7624,0.30146999999999996,0.40576,0.06686,0.41328000000000004,1.88326,2016
122,Ukraine,Central and Eastern Europe,123,4.324,0.87287,1.01413,0.58628,0.12859,0.01829,0.20363,1.50066,2016
123,Ghana,Sub-Saharan Africa,124,4.276,0.63107,0.49353,0.29681,0.40973000000000004,0.0326,0.21203000000000002,2.2002,2016
124,Congo (Kinshasa),Sub-Saharan Africa,125,4.272,0.05661,0.80676,0.188,0.15602,0.06075,0.25458000000000003,2.7492400000000004,2016
125,Georgia,Central and Eastern Europe,126,4.252,0.8379200000000001,0.19249000000000002,0.64035,0.32461,0.3188,0.06786,1.87031,2016
126,Congo (Brazzaville),Sub-Saharan Africa,127,4.236000000000001,0.7710899999999999,0.47798999999999997,0.28212,0.37938,0.09752999999999999,0.12077,2.10681,2016
127,Senegal,Sub-Saharan Africa,128,4.218999999999999,0.44314,0.7741600000000001,0.40457,0.31056,0.11681,0.19103,1.9786099999999998,2016
128,Bulgaria,Central and Eastern Europe,129,4.217,1.11306,0.92542,0.67806,0.21219000000000002,0.00615,0.12793,1.15377,2016
129,Mauritania,Sub-Saharan Africa,130,4.2010000000000005,0.6139100000000001,0.8414200000000001,0.28639000000000003,0.1268,0.17955,0.22685999999999998,1.9263,2016
130,Zimbabwe,Sub-Saharan Africa,131,4.1930000000000005,0.35041,0.71478,0.1595,0.25429,0.08582000000000001,0.18503,2.4427,2016
131,Malawi,Sub-Saharan Africa,132,4.156000000000001,0.08709,0.147,0.29364,0.4143,0.07564,0.30968,2.82859,2016
132,Sudan,Sub-Saharan Africa,133,4.138999999999999,0.63069,0.8192799999999999,0.29759,0.0,0.10039,0.18077000000000001,2.10995,2016
133,Gabon,Sub-Saharan Africa,134,4.121,1.15851,0.72368,0.3494,0.28098,0.09314,0.062439999999999996,1.4533200000000002,2016
134,Mali,Sub-Saharan Africa,135,4.073,0.31292,0.8633299999999999,0.16347,0.27544,0.13647,0.21064000000000002,2.1108700000000002,2016
135,Haiti,Latin America and Caribbean,136,4.0280000000000005,0.34097,0.29561,0.27494,0.12072000000000001,0.14476,0.47958,2.3711599999999997,2016
136,Botswana,Sub-Saharan Africa,137,3.9739999999999998,1.09426,0.89186,0.34752,0.44088999999999995,0.10769000000000001,0.12425,0.96741,2016
137,Comoros,Sub-Saharan Africa,138,3.9560000000000004,0.27509,0.60323,0.29980999999999997,0.15412,0.18437,0.1827,2.25632,2016
138,Ivory Coast,Sub-Saharan Africa,139,3.9160000000000004,0.55507,0.57576,0.04476,0.40663,0.1553,0.20338,1.97478,2016
139,Cambodia,Southeastern Asia,140,3.907,0.55604,0.5375,0.42494,0.5885199999999999,0.08092,0.40339,1.3157299999999998,2016
140,Angola,Sub-Saharan Africa,141,3.866,0.84731,0.66366,0.04991,0.00589,0.08434,0.12070999999999998,2.09459,2016
141,Niger,Sub-Saharan Africa,142,3.8560000000000003,0.1327,0.6053,0.26161999999999996,0.38040999999999997,0.17176,0.2097,2.09469,2016
142,South Sudan,Sub-Saharan Africa,143,3.832,0.39394,0.18519000000000002,0.15780999999999998,0.19662000000000002,0.13015,0.25899,2.50929,2016
143,Chad,Sub-Saharan Africa,144,3.763,0.42213999999999996,0.63178,0.038239999999999996,0.12807000000000002,0.04952,0.18667,2.3063700000000003,2016
144,Burkina Faso,Sub-Saharan Africa,145,3.739,0.31995,0.63054,0.21297,0.3337,0.12533,0.24353000000000002,1.8731900000000001,2016
145,Uganda,Sub-Saharan Africa,145,3.739,0.34719,0.90981,0.19625,0.43653000000000003,0.06442,0.27102,1.51416,2016
146,Yemen,Middle East and Northern Africa,147,3.7239999999999998,0.57939,0.47493,0.31048000000000003,0.2287,0.05892000000000001,0.09821,1.97295,2016
147,Madagascar,Sub-Saharan Africa,148,3.695,0.27954,0.46115,0.37109000000000003,0.13684000000000002,0.07506,0.2204,2.15075,2016
148,Tanzania,Sub-Saharan Africa,149,3.6660000000000004,0.47155,0.77623,0.35700000000000004,0.3176,0.05099,0.31472,1.3776899999999999,2016
149,Liberia,Sub-Saharan Africa,150,3.622,0.10705999999999999,0.50353,0.23165,0.25748000000000004,0.04852,0.24063,2.23284,2016
150,Guinea,Sub-Saharan Africa,151,3.6069999999999998,0.22415,0.3109,0.18829,0.30953,0.1192,0.29914,2.15604,2016
151,Rwanda,Sub-Saharan Africa,152,3.515,0.32846,0.6158600000000001,0.31865,0.5432,0.50521,0.23551999999999998,0.96819,2016
152,Benin,Sub-Saharan Africa,153,3.484,0.39499,0.10419,0.21028000000000002,0.39747,0.06681000000000001,0.2018,2.10812,2016
153,Afghanistan,Southern Asia,154,3.36,0.38227,0.11037000000000001,0.17344,0.1643,0.07112,0.31268,2.14558,2016
154,Togo,Sub-Saharan Africa,155,3.303,0.28123000000000004,0.0,0.24811,0.34678000000000003,0.11587,0.17517,2.1354,2016
155,Syria,Middle East and Northern Africa,156,3.069,0.7471899999999999,0.14866,0.6299399999999999,0.06912,0.17232999999999998,0.48396999999999996,0.81789,2016
156,Burundi,Sub-Saharan Africa,157,2.905,0.06831,0.23442,0.15747,0.0432,0.09419,0.2029,2.1040400000000004,2016
